{"cameraMode":{"drawMode":0,"name":"Shaded","section":"Shading Mode"},"sceneLighting":false,"audioPlay":false,"sceneViewState":{"m_AlwaysRefresh":false,"showFog":true,"showSkybox":false,"showFlares":true,"showImageEffects":true,"showParticleSystems":true,"showVisualEffectGraphs":true,"m_FxEnabled":true},"in2DMode":false,"pivot":{"x":7.8596038818359379,"y":2.0694942474365236,"z":-4.264645576477051},"rotation":{"x":0.08955657482147217,"y":-0.6547091007232666,"z":0.07854131609201431,"w":0.7464681267738342},"size":0.8660253882408142,"orthographic":false}